category,product_name,brand,price,Product_Id,size,item_num,love_count,rating,reviews_count,link
Fragrance/Value & Gift Sets/Perfume Gift Sets,Blu Mediterraneo MINIATURE Set,Acqua Di Parma,63.0,P443401,5 x 0.16oz/5mL,2218774,2588,4,4,https://www.sephora.com/product/blu-mediterraneo-minature-set-P443401?icid2=products
Fragrance/Men/Cologne,Colonia,Acqua Di Parma,63.0,P163604,0.7 oz/ 20 mL,2044816,2528,4.3067,75,https://www.sephora.com/product/colonia-P163604?icid2=products
Fragrance/Women/Perfume,Mirto di Panarea,Acqua Di Parma,64.0,P307804,2.5 oz/ 74 mL,1417617,2622,4.6364,22,https://www.sephora.com/product/blu-mediterraneo-mirto-di-panarea-P307804?icid2=products
Fragrance/Women/Perfume,Rosa Nobile,Acqua Di Parma,68.0,P388670,3.4 oz/ 101 mL,1638832,4569,4.5652,69,https://www.sephora.com/product/rosa-nobile-P388670?icid2=products
Fragrance/Value & Gift Sets/Perfume Gift Sets,Colonia Miniature Set,Acqua Di Parma,69.0,P443400,5 x 0.16oz/5mL,2218766,779,3.5,2,https://www.sephora.com/product/colonia-miniature-set-P443400?icid2=products
Fragrance/Women/Perfume,Fico di Amalfi,Acqua Di Parma,64.0,P307801,5 oz/ 148 mL,1417609,2469,4.5714,70,https://www.sephora.com/product/blu-mediterraneo-fico-di-amalfi-P307801?icid2=products
Fragrance/Men/Cologne,Colonia Essenza,Acqua Di Parma,115.0,P269110,1.7 oz/ 50 mL,1284462,672,4.7692,13,https://www.sephora.com/product/colonia-essenza-P269110?icid2=products
Fragrance/Value & Gift Sets/Perfume Gift Sets,Blu Mediterraneo Fico di Amalfi Gift Set,Acqua Di Parma,113.0,P450815,na,2295210,187,na,na,https://www.sephora.com/product/blu-mediterraneo-fico-di-amalfi-gift-set-P450815?icid2=products
Fragrance/Value & Gift Sets/Perfume Gift Sets,Le Nobili Collection Set,Acqua Di Parma,68.0,P431439,3 x 0.51 oz/ 15 mL,2044766,1363,4.1818,11,https://www.sephora.com/product/le-nobili-collection-set-P431439?icid2=products
Fragrance/Value & Gift Sets/Perfume Gift Sets,Blu Mediterraneo Arancia di Capri Gift Set,Acqua Di Parma,113.0,P450817,na,2295202,183,na,na,https://www.sephora.com/product/blu-mediterraneo-arancia-di-capri-gift-set-P450817?icid2=products
Fragrance/Women/Perfume,Mandorlo di Sicilia,Acqua Di Parma,64.0,P307803,2.5 oz/ 74 mL,1417575,2831,4.6364,44,https://www.sephora.com/product/blu-mediterraneo-mandorlo-di-sicilia-P307803?icid2=products
Fragrance/Women/Perfume,Arancia di Capri,Acqua Di Parma,64.0,P375388,5 oz/ 148 mL,1417567,2464,4.2692,26,https://www.sephora.com/product/blu-mediterraneo-arancia-di-capri-P375388?icid2=products
Fragrance/Women/Perfume,Mediterranean Honeysuckle,AERIN,30.0,P405269,1.7 oz/ 50 mL,1794585,7711,4.2135,89,https://www.sephora.com/product/mediterranean-honeysuckle-P405269?icid2=products
Fragrance/Women/Perfume,Amber Musk,AERIN,30.0,P388770,1.7 oz/ 50 mL,1639228,5194,4.3289,76,https://www.sephora.com/product/amber-musk-P388770?icid2=products
Fragrance/Women/Perfume,Rose De Grasse,AERIN,235.0,P433906,1.7 oz/ 50 mL,1699222,1443,4.8,10,https://www.sephora.com/product/rose-de-grasse-P433906?icid2=products
Fragrance/Women/Perfume,Lilac Path,AERIN,130.0,P388766,1.7 oz/ 50 mL,1639236,3519,4.3509,57,https://www.sephora.com/product/lilac-path-P388766?icid2=products
Fragrance/Women/Perfume,Hibiscus Palm,AERIN,30.0,P428454,1.7 oz/ 50 mL,2039121,4074,4.3684,38,https://www.sephora.com/product/hibiscus-palm-P428454?icid2=products
Fragrance/Women/Perfume,Ikat Jasmine,AERIN,130.0,P388762,3.4 oz/ 101 mL,1738582,4465,4.4902,51,https://www.sephora.com/product/ikat-jasmine-P388762?icid2=products
Makeup/Lip/Lip Balm & Treatment,Rose Lip Conditioner,AERIN,30.0,P398965,0.34 oz/ 10 mL,1738640,15997,4.3473,357,https://www.sephora.com/product/rose-lip-conditioner-P398965?icid2=products
Fragrance/Women/Perfume,Waterlily Sun,AERIN,130.0,P395768,1.7 oz / 50 mL,1659077,3690,4.3556,45,https://www.sephora.com/product/waterlily-sun-P395768?icid2=products
Fragrance/Women/Perfume,Aegea Blossom Eau de Parfum,AERIN,30.0,P442515,1.7oz/50mL,2192177,939,4.3333,12,https://www.sephora.com/product/aegea-blossom-eau-de-parfum-P442515?icid2=products
Fragrance/Women/Rollerballs & Travel Size,Mediterranean Honeysuckle Rollerball,AERIN,30.0,P405273,0.27 oz,1794619,5498,4.3871,31,https://www.sephora.com/product/mediterranean-honeysuckle-rollerball-P405273?icid2=products
Fragrance/Women/Perfume,Evening Rose,AERIN,130.0,P388768,1.7 oz/ 50 mL,1639251,2770,4.6087,23,https://www.sephora.com/product/evening-rose-P388768?icid2=products
Fragrance/Value & Gift Sets/Perfume Gift Sets,Radiant Floral Rollerball Set,AERIN,50.0,P451238,na,2298230,228,5,1,https://www.sephora.com/product/mediterranean-honeysuckle-hibiscus-palm-rollerball-set-P451238?icid2=products
Makeup/Eye/Eye Palettes,Amethyst Crystal Gemstone Eyeshadow Palette,Aether Beauty,58.0,P450888,na,2265858,1423,4.9615,26,https://www.sephora.com/product/amethyst-crystal-gemstone-eyeshadow-palette-P450888?icid2=products
Makeup/Eye/Eye Palettes,Solstice Eyeshadow Palette,Aether Beauty,58.0,P444401,na,2189975,3748,4.9194,62,https://www.sephora.com/product/summer-solstice-eyeshadow-palette-P444401?icid2=products
Makeup/Eye/Eye Palettes,Rose Quartz Crystal Gemstone Eyeshadow Palette,Aether Beauty,58.0,P441803,na,2189959,6725,4.809,89,https://www.sephora.com/product/rose-quartz-crystal-gemstone-palette-P441803?icid2=products
Makeup/Eye/Eye Palettes,Crystal Grid Gemstone Eyeshadow Palette,Aether Beauty,58.0,P441802,na,2189967,3126,4.9565,46,https://www.sephora.com/product/crystal-grid-gemstone-palette-P441802?icid2=products
Skincare/Value & Gift Sets,Secrets of Algae Kit,Algenist,115.0,P449623,na,2289643,7956,4.5882,17,https://www.sephora.com/product/secrets-algae-kit-P449623?icid2=products
Skincare/Eye Care/Eye Creams & Treatments,Complete Eye Renewal Balm,Algenist,68.0,P282938,0.5 oz/ 15 mL,1328855,26661,3.9534,859,https://www.sephora.com/product/complete-eye-renewal-balm-P282938?icid2=products
Skincare/Treatments/Face Serums,GENIUS Liquid Collagen,Algenist,115.0,P421277,1 oz/ 30 mL,1957182,38482,3.9984,620,https://www.sephora.com/product/genius-liquid-collagen-P421277?icid2=products
Skincare/Moisturizers/Moisturizers,GENIUS Sleeping Collagen,Algenist,98.0,P439055,2 oz/ 60 mL,2170827,14451,4.5825,1152,https://www.sephora.com/product/genius-sleeping-collagen-P439055?icid2=products
Skincare/Moisturizers/Moisturizers,GENIUS Ultimate Anti-Aging Cream,Algenist,75.0,P384537,2 oz/ 60 mL,1582477,15624,4.2795,458,https://www.sephora.com/product/genius-ultimate-anti-aging-cream-P384537?icid2=products
Skincare/Value & Gift Sets,Plump & Pout Duo,Algenist,40.0,P449873,na,2289320,4905,3.7273,11,https://www.sephora.com/product/plump-pout-duo-P449873?icid2=products
Skincare/Lip Treatments/Lip Balms & Treatments,GENIUS Liquid Collagen Lip,Algenist,35.0,P432045,0.34 oz/ 10 mL,2063014,30059,3.941,441,https://www.sephora.com/product/genius-liquid-collagen-lip-P432045?icid2=products
Skincare/Value & Gift Sets,Pure GENIUS Collection Kit,Algenist,80.0,P425424,na,1985068,7780,3.84,50,https://www.sephora.com/product/pure-genius-collection-kit-P425424?icid2=products
Skincare/Moisturizers/Decollete & Neck Creams,ELEVATE Firming & Lifting Neck Cream,Algenist,84.0,P449164,2 oz/ 60 mL,2282390,1067,4,2,https://www.sephora.com/product/elevate-firming-lifting-neck-cream-P449164?icid2=products
Skincare/Value & Gift Sets,Complete Eye Renewal Balm Duo,Algenist,68.0,P450568,na,2295889,526,na,na,https://www.sephora.com/product/complete-eye-renewal-balm-duo-P450568?icid2=products
Skincare/Moisturizers/Moisturizers,Overnight Restorative Cream,Algenist,94.0,P296415,2 oz/ 60 mL,1357847,8655,4.4242,231,https://www.sephora.com/product/overnight-restorative-cream-P296415?icid2=products
Skincare/Moisturizers/Moisturizers,GENIUS Collagen Calming Relief,Algenist,58.0,P453818,1.35 oz/ 40 mL,2282408,733,4.75,8,https://www.sephora.com/product/algenist-genius-collagen-calming-relief-P453818?icid2=products
Skincare/Treatments/Face Serums,Liquid Gold Exfoliating Treatment,Alpha-H,20.0,P440949,3.38 oz/ 100 mL,2206134,5845,4.6296,629,https://www.sephora.com/product/liquid-gold-with-glycolic-acid-P440949?icid2=products
Skincare/Treatments/Facial Peels,Beauty Sleep Power Peel,Alpha-H,129.0,P442542,1.69 oz/ 50 mL,2206191,1108,5,3,https://www.sephora.com/product/beauty-sleep-power-peel-P442542?icid2=products
Skincare/Treatments/Face Serums,Vitamin B Serum,Alpha-H,70.0,P442539,0.85 oz/ 25 mL,2206225,990,5,3,https://www.sephora.com/product/vitamin-b-P442539?icid2=products
Skincare/Mini Size,Liquid Gold Mini,Alpha-H,20.0,P442548,1 oz/ 30 mL,2210466,3667,3.7333,15,https://www.sephora.com/product/liquid-gold-mini-P442548?icid2=products
Skincare/Moisturizers/Moisturizers,Essential Hydration Cream,Alpha-H,52.0,P442543,1.69 oz/ 50 mL,2206183,373,5,5,https://www.sephora.com/product/essential-hydration-cream-P442543?icid2=products
Skincare/Eye Care/Eye Creams & Treatments,Liquid Gold Firming Eye Cream,Alpha-H,99.0,P442537,0.51 oz/ 15 mL,2206241,535,3.7778,9,https://www.sephora.com/product/liquid-gold-firming-eye-cream-P442537?icid2=products
Skincare/Cleansers/Exfoliators,Micro Cleanse Super Scrub,Alpha-H,50.0,P442544,3.38 oz/ 100 mL,2206175,415,5,1,https://www.sephora.com/product/micro-cleanse-super-scrub-P442544?icid2=products
Skincare/Masks/Face Masks,Liquid Gold Ultimate Perfecting Mask,Alpha-H,75.0,P442547,1.69 oz/ 50 mL,2206142,568,4.3333,6,https://www.sephora.com/product/liquid-gold-ultimate-perfecting-mask-P442547?icid2=products
Skincare/Cleansers/Face Wash & Cleansers,Balancing Cleanser,Alpha-H,44.0,P442546,6.25 oz/ 185 mL,2206159,341,4.8,10,https://www.sephora.com/product/balancing-cleanser-P442546?icid2=products
Skincare/Treatments/Face Serums,Instant Facial,Alpha-H,62.0,P442538,3.38 oz/ 100 mL,2206233,398,5,2,https://www.sephora.com/product/instant-facial-P442538?icid2=products
Skincare/Moisturizers/Moisturizers,Balancing Moisturizer & Gentle Exfoliant,Alpha-H,62.0,P442541,1.69 oz/ 50 mL,2206209,448,4.2,5,https://www.sephora.com/product/balancing-moisturizer-P442541?icid2=products
Skincare/Treatments/Face Serums,Vitamin A Serum,Alpha-H,70.0,P442540,0.85 oz/ 25 mL,2206217,787,5,3,https://www.sephora.com/product/vitamin-a-P442540?icid2=products
Hair/Shampoo & Conditioner/Shampoo,CAVIAR Anti-Aging® Replenishing Moisture Shampoo,ALTERNA Haircare,10.0,P269705,16.5 oz/ 488 mL,1772375,25756,4.2637,732,https://www.sephora.com/product/caviar-anti-aging-replenishing-moisture-shampoo-P269705?icid2=products
Hair/Shampoo & Conditioner/Conditioner,CAVIAR Anti-Aging® Replenishing Moisture Conditioner,ALTERNA Haircare,10.0,P269706,16.5 oz/ 488 mL,1772383,24419,4.3743,537,https://www.sephora.com/product/caviar-anti-aging-replenishing-moisture-conditioner-P269706?icid2=products
Hair/Value & Gift Sets,Caviar Anti-Aging® Restructuring Bond Repair Duo,ALTERNA Haircare,57.0,P449778,na,2285898,885,4,8,https://www.sephora.com/product/caviar-anti-aging-reg-restructuring-bond-repair-duo-P449778?icid2=products
Hair/Hair Styling & Treatments/Scalp & Hair Treatments,CAVIAR Anti-Aging® Clinical Densifying Leave-In Root Treatment,ALTERNA Haircare,38.0,P309412,4.2 oz/ 125 mL,2140275,14632,3.8647,170,https://www.sephora.com/product/caviar-clinical-daily-root-scalp-stimulator-P309412?icid2=products
Hair/Hair Styling & Treatments/Hair Styling Products,CAVIAR Anti-Aging® Replenishing Moisture CC Cream,ALTERNA Haircare,42.0,P378716,5.1 oz/ 150 mL,1674308,54451,4.0372,1584,https://www.sephora.com/product/caviar-cc-cream-for-hair-10-in-1-complete-correction-P378716?icid2=products
Hair/Hair Styling & Treatments/Hair Styling Products,CAVIAR Anti-Aging® Multiplying Volume Styling Mist,ALTERNA Haircare,30.0,P405297,4.8 oz/ 142 mL,2140325,13664,4.2822,365,https://www.sephora.com/product/caviar-anti-aging-miracle-multiplying-volume-mist-P405297?icid2=products
Hair/Shampoo & Conditioner/Shampoo,CAVIAR Anti-Aging® Clinical Densifying Shampoo,ALTERNA Haircare,34.0,P309411,8.5 oz/ 250 mL,2140267,6612,4.2657,143,https://www.sephora.com/product/caviar-clinical-daily-detoxifying-shampoo-P309411?icid2=products
Hair/Hair Styling & Treatments/Hair Styling Products,CAVIAR Anti-Aging® Restructuring Bond Repair Leave-In Heat Protection Spray,ALTERNA Haircare,32.0,P435932,4.2 oz/ 125 mL,2140226,4703,4.2887,97,https://www.sephora.com/product/caviar-anti-aging-restructuring-bond-repair-leave-in-heat-protection-spray-P435932?icid2=products
Hair/Shampoo & Conditioner/Conditioner,CAVIAR Anti-Aging® Restructuring Bond Repair Conditioner,ALTERNA Haircare,34.0,P435928,8.5 oz/ 250 mL,2140176,1758,4.1798,89,https://www.sephora.com/product/caviar-anti-aging-restructing-bond-repair-conditioner-P435928?icid2=products
Hair/Shampoo & Conditioner/Conditioner,CAVIAR Anti-Aging® Replenishing Moisture Priming Leave-In Conditioner,ALTERNA Haircare,32.0,P441826,5 oz/ 147 mL,2195907,1625,4.6304,184,https://www.sephora.com/product/caviar-anti-aging-replenishing-moisture-priming-leave-in-conditioner-P441826?icid2=products
Hair/Shampoo & Conditioner/Shampoo,CAVIAR Anti-Aging® Restructuring Bond Repair Shampoo,ALTERNA Haircare,34.0,P435927,8.5 oz/ 250 mL,2140143,1854,4.1489,94,https://www.sephora.com/product/caviar-anti-aging-restructuring-bond-repair-shampoo-P435927?icid2=products
Hair/Hair Styling & Treatments/Hair Spray,CAVIAR Anti-Aging® Working Hairspray,ALTERNA Haircare,8.0,P269714,7.4 oz/ 212 g,2195873,7449,4.4733,150,https://www.sephora.com/product/caviar-anti-aging-working-hair-spray-P269714?icid2=products
Hair/Hair Styling & Treatments/Hair Thinning & Hair Loss,High Tide Deep Waver,amika,120.0,P442295,na,2190171,10321,4.3636,66,https://www.sephora.com/product/high-tide-deep-waver-P442295?icid2=products
Hair/Hair Tools/Hair Straighteners & Flat Irons,Polished Perfection Mini Straightening Brush,amika,28.0,P449132,na,2280469,5050,3.45,40,https://www.sephora.com/product/polished-perfection-mini-straightening-brush-P449132?icid2=products
Hair/Shampoo & Conditioner/Dry Shampoo,Perk Up Dry Shampoo,amika,10.0,P393281,5.3 oz/ 153 g,2035046,37898,4.351,1040,https://www.sephora.com/product/perk-up-dry-shampoo-P393281?icid2=products
Hair/Shampoo & Conditioner/Shampoo,Bust Your Brass Cool Blonde Shampoo,amika,12.0,P419705,8 oz/ 236 mL,2034965,27728,4.3732,343,https://www.sephora.com/product/bust-your-brass-cool-blonde-shampoo-P419705?icid2=products
Hair/Shampoo & Conditioner/Conditioner,Bust Your Brass Cool Blonde Conditioner,amika,12.0,P419706,8.45 oz/ 250 mL,2034957,19213,4.457,151,https://www.sephora.com/product/bust-your-brass-cool-blonde-conditioner-P419706?icid2=products
Hair/Hair Styling & Treatments/Hair Masks,Soulfood Nourishing Mask,amika,12.0,P404916,8.5 oz/ 250 mL,2035079,44829,4.4541,1068,https://www.sephora.com/product/nourishing-mask-P404916?icid2=products
Hair/Hair Tools/Hair Straighteners & Flat Irons,Polished Perfection Straightening Brush 2.0,amika,120.0,P441833,na,2190122,7866,4.0917,109,https://www.sephora.com/product/ired-polished-perfection-straightening-brush-P441833?icid2=products
Hair/Hair Tools/Hair Straighteners & Flat Irons,Blowout Babe Thermal Brush,amika,100.0,P396012,na,1703560,13520,3.913,184,https://www.sephora.com/product/blowout-babe-thermal-brush-P396012?icid2=products
Hair/Hair Styling & Treatments/Hair Primers,The Wizard Detangling Primer,amika,25.0,P404914,4 oz/ 118 mL,2035129,18191,4.381,231,https://www.sephora.com/product/the-wizard-multi-benefit-primer-P404914?icid2=products
Hair/Hair Tools/Hair Dryers,The CEO 360° Lightweight Powerhouse Hair Dryer,amika,200.0,P449573,na,2190262,595,4.9286,14,https://www.sephora.com/product/the-ceo-360-lightweight-powerhouse-hair-dryer-P449573?icid2=products
Hair/Shampoo & Conditioner/Shampoo,Reset Clarifying Gel Shampoo,amika,25.0,P453255,6.7 oz/ 200 mL,2280303,1199,5,6,https://www.sephora.com/product/amika-reset-clarifying-gel-shampoo-P453255?icid2=products
Hair/Hair Styling & Treatments/Hair Masks,The Kure Intense Repair Mask,amika,14.0,P429596,8.5 oz/ 250 mL,2035087,10936,4.5733,75,https://www.sephora.com/product/the-kure-intense-repair-mask-P429596?icid2=products
Makeup/Face/BB & CC Cream,Color Control Cushion Compact Broad Spectrum SPF 50+,AMOREPACIFIC,60.0,P378121,1.05 oz,1496488,29810,4.0468,1068,https://www.sephora.com/product/color-control-cushion-compact-broad-spectrum-spf-50-P378121?icid2=products
Skincare/Treatments/Facial Peels,Treatment Enzyme Peel Cleansing Powder,AMOREPACIFIC,60.0,P232931,1.76 oz/ 50 g,2187698,53103,4.6361,1426,https://www.sephora.com/product/treatment-enzyme-peel-P232931?icid2=products
Skincare/Moisturizers/Mists & Essences,Vintage Single Extract Essence,AMOREPACIFIC,145.0,P422238,4.05 oz/ 120 mL,1984715,14178,4.4558,147,https://www.sephora.com/product/vintage-single-extract-essence-P422238?icid2=products
Skincare/Cleansers/Face Wash & Cleansers,Treatment Cleansing Foam,AMOREPACIFIC,50.0,P232930,4.1 oz/ 120 mL,1161686,13886,4.4667,435,https://www.sephora.com/product/treatment-cleansing-foam-P232930?icid2=products
Skincare/Eye Care/Eye Creams & Treatments,TIME RESPONSE Eye Reserve Crème,AMOREPACIFIC,260.0,P436659,0.5 oz/ 15 mL,2150233,2120,4.6154,13,https://www.sephora.com/product/time-response-eye-reserve-creme-P436659?icid2=products
Skincare/Eye Care/Eye Creams & Treatments,MOISTURE BOUND Rejuvenating Eye Treatment Gel,AMOREPACIFIC,85.0,P282612,0.5 oz/ 15 mL,1328038,9534,4.2121,264,https://www.sephora.com/product/moisture-bound-rejuvenating-eye-treatment-gel-P282612?icid2=products
Skincare/Value & Gift Sets,Every Day Essentials,AMOREPACIFIC,65.0,P451265,na,2280162,1844,2.8,5,https://www.sephora.com/product/every-day-essentials-P451265?icid2=products
Skincare/Moisturizers/Moisturizers,MOISTURE BOUND Rejuvenating Crème,AMOREPACIFIC,150.0,P282613,1.7 oz/ 50 mL,1328046,5398,4.0761,184,https://www.sephora.com/product/moisture-bound-rejuvenating-creme-P282613?icid2=products
Skincare/Value & Gift Sets,Meet Your Everyday Besties,AMOREPACIFIC,78.0,P450926,na,2280170,1761,5,1,https://www.sephora.com/product/meet-your-everyday-besties-P450926?icid2=products
Skincare/Moisturizers/Moisturizers,MOISTURE BOUND Refreshing Hydra-Gel Oil-Free,AMOREPACIFIC,100.0,P232940,1.7 oz/ 50 mL,1161827,9146,4.2599,377,https://www.sephora.com/product/moisture-bound-refreshing-hydra-gel-oil-free-P232940?icid2=products
Skincare/Moisturizers/Moisturizers,TIME RESPONSE Skin Reserve Crème,AMOREPACIFIC,150.0,P437678,0.5 oz/ 15 mL,2150225,866,5,5,https://www.sephora.com/product/time-response-skin-reserve-creme-P437678?icid2=products
Skincare/Moisturizers/Moisturizers,The Essential Creme Fluid,AMOREPACIFIC,98.0,P416953,3 oz/ 90 mL,1930924,9214,4.1143,175,https://www.sephora.com/product/the-essential-creme-fluid-P416953?icid2=products
Makeup/Eye/Eyebrow,Brow Wiz,Anastasia Beverly Hills,23.0,P202633,0.003 oz/ 0.085 g,1056084,637349,4.4221,14529,https://www.sephora.com/product/brow-wiz-P202633?icid2=products
Makeup/Eye/Eye Sets,Best Brows Ever Kit,Anastasia Beverly Hills,30.0,P451601, - for blonde hair with cool/ash undertone,2289478,31680,4.5484,31,https://www.sephora.com/product/best-brows-ever-kit-P451601?skuId=2289502&icid2=products
Makeup/Lip/Lipstick,Liquid Lipstick,Anastasia Beverly Hills,20.0,P404831,0.11 oz / 3.2 g,2036408,545286,3.8433,3976,https://www.sephora.com/product/liquid-lipstick-P404831?icid2=products
Makeup/Eye/Eyebrow,DIPBROW™ Pomade,Anastasia Beverly Hills,21.0,P384060,0.14 oz/ 4 g,1578699,491486,4.6791,10298,https://www.sephora.com/product/dipbrow-pomade-P384060?icid2=products
Makeup/Eye/Eyebrow,Brow Definer,Anastasia Beverly Hills,23.0,P404827,0.007 oz/ 0.2 g,1790534,176332,4.0083,3381,https://www.sephora.com/product/brow-definer-P404827?icid2=products
Makeup/Eye/Eye Palettes,Soft Glam Eyeshadow Palette,Anastasia Beverly Hills,42.0,P589302,na,2036481,258877,4.7318,2513,https://www.sephora.com/product/soft-glam-eyeshadow-palette-P58930227?icid2=products
Makeup/Eye/Eyebrow,Clear Brow Gel,Anastasia Beverly Hills,22.0,P69304,0.26 oz/ 7.85 ml,1012855,155796,4.4797,3646,https://www.sephora.com/product/brow-gel-P69304?icid2=products
Makeup/Lip/Lip Sets,Undressed Lip Set,Anastasia Beverly Hills,40.0,P450064,na,2272383,14817,3.4649,385,https://www.sephora.com/product/undressed-lip-set-P450064?icid2=products
Makeup/Eye/Eye Palettes,Norvina Pro Pigment Palette Vol. 3,Anastasia Beverly Hills,60.0,P450846,na,2282739,22038,4.6486,74,https://www.sephora.com/product/norvina-pro-pigment-palette-vol-3-P450846?icid2=products
Makeup/Eye/Eye Palettes,Jackie Aina Eyeshadow Palette,Anastasia Beverly Hills,45.0,P449147,na,2262277,37776,4.8092,608,https://www.sephora.com/product/jackie-aina-eyeshadow-palette-P449147?icid2=products
Makeup/Face/Face Sets,Mini Loose Highlighter set,Anastasia Beverly Hills,30.0,P451598,na,2289577,6437,5,1,https://www.sephora.com/product/mini-loose-highlighter-set-P451598?icid2=products
Makeup/Eye/Eye Palettes,Norvina Pro Pigment Palette Vol. 1,Anastasia Beverly Hills,60.0,P448161,na,2270551,23189,4.7692,91,https://www.sephora.com/product/norvina-pro-pigment-vol-1-P448161?icid2=products
Men/Other Needs/Body Products,Invigorating Rush Hair + Body Wash,Anthony,55.0,P376886,32 oz/ 946 mL,1652817,2010,4.5581,43,https://www.sephora.com/product/invigorating-rush-hair-body-wash-P376886?icid2=products
Men/Shaving/Shaving,Ingrown Hair Treatment,Anthony,32.0,P170545,2.5 oz/ 74 mL,1605591,7095,4.209,134,https://www.sephora.com/product/ingrown-hair-treatment-P170545?icid2=products
Men/Skincare/Moisturizer & Treatments,Glycolic Exfoliating & Resurfacing Wipes,Anthony,18.0,P397373,30 wipes,1710177,5602,4.5231,65,https://www.sephora.com/product/glycolic-exfoliating-resurfacing-wipes-P397373?icid2=products
Men/Skincare/Face Wash,Glycolic Facial Cleanser,Anthony,28.0,P9038,8 oz/ 237 mL,1629278,4390,4.3856,223,https://www.sephora.com/product/glycolic-facial-cleanser-P9038?icid2=products
Men/Shaving/Aftershave,After Shave Balm,Anthony,22.0,P9024,2.5 oz/ 75 mL,1605609,1753,4.7606,71,https://www.sephora.com/product/after-shave-balm-P9024?icid2=products
Men/Skincare/Face Wash,Facial Scrub,Anthony,36.0,P9036,8 oz/ 237 mL,1605567,2232,4.5352,71,https://www.sephora.com/product/facial-scrub-P9036?icid2=products
Men/Shaving/Shaving,Shave Cream,Anthony,18.5,P9022,6 oz/ 177 mL,1605575,1768,4.7474,194,https://www.sephora.com/product/shave-cream-P9022?icid2=products
Men/Skincare/Moisturizer & Treatments,Oil Free Facial Lotion,Anthony,30.0,P112400,2.5 oz,1605526,1008,4.381,42,https://www.sephora.com/product/oil-free-facial-lotion-P112400?icid2=products
Men/Skincare/Moisturizer & Treatments,Astringent Toner Pads,Anthony,26.0,P189131,60 Pads,1605559,3407,4.6574,108,https://www.sephora.com/product/astringent-toner-pads-P189131?icid2=products
Men/Skincare/Eye Cream,High Performance Continuous Moisture Eye Cream,Anthony,38.0,P72706,0.75 oz/ 22 mL,1605666,2897,4.1944,36,https://www.sephora.com/product/high-performance-continuous-moisture-eye-cream-P72706?icid2=products
Men/Skincare/Moisturizer & Treatments,High Performance Vitamin C Facial Serum,Anthony,46.0,P72704,1 oz/ 30 mL,1605674,2979,4.4211,38,https://www.sephora.com/product/high-performance-vitamin-c-facial-serum-P72704?icid2=products
Men/Skincare/Sunscreen,Day Cream Broad Spectrum Sunscreen SPF 30,Anthony,34.0,P386498,3 oz,1887173,594,3.7143,7,https://www.sephora.com/product/day-cream-broad-spectrum-sunscreen-spf-30-P386498?icid2=products
Makeup/Cheek/Blush,Certified Organic Baked Blush,Antonym,36.0,P421434,0.28 oz/ 8 g,1977487,8973,4.2045,44,https://www.sephora.com/product/certified-organic-baked-blush-P421434?icid2=products
Makeup/Eye/Eyeliner,Certified Natural Waterproof Eye Pencil,Antonym,19.0,P421433,0.04 oz/ 1.4 g,1977578,1563,3.3846,13,https://www.sephora.com/product/certified-natural-waterproof-eye-pencil-P421433?icid2=products
Makeup/Face/Foundation,Skin Esteem Organic Liquid Foundation,Antonym,52.0,P425621,1.06 oz/ 30 mL,2016269,2180,3.375,24,https://www.sephora.com/product/skin-esteem-organic-liquid-foundation-P425621?icid2=products
Makeup/Eye/Eye Palettes,Certified Organic Eyeshadow Quattro,Antonym,39.0,P421436,0.21 oz/ 6 g,1977537,5695,4.25,8,https://www.sephora.com/product/certified-organic-eyeshadow-quattro-P421436?icid2=products
Makeup/Cheek/Blush,Organic Certified Highlighting Blush,Antonym,42.0,P421619,0.28 oz/ 8 g,1977511,3198,4,13,https://www.sephora.com/product/organic-certified-highlighting-blush-P421619?icid2=products
Makeup/Face/Highlighter,Certified Organic Highlighter,Antonym,42.0,P421437,0.28 oz/ 8 g,1977529,3741,3.6316,19,https://www.sephora.com/product/certified-organic-highlighter-P421437?icid2=products
Hair/Hair Tools/Hair Accessories,Lisse Luxe Hair Turban,Aquis,30.0,P410897,Desert Rose,1855956,26496,4.2451,257,https://www.sephora.com/product/lisse-luxe-hair-turban-P410897?icid2=products
Hair/Hair Tools/Hair Accessories,Lisse Luxe Hair Towel,Aquis,30.0,P412766,19 x 42 in/ 50 x 107 cm,1883768,9337,4.6101,954,https://www.sephora.com/product/lisse-luxe-hair-towel-P412766?icid2=products
Hair/Hair Tools/Hair Accessories,Lisse Luxe Long Hair Towel,Aquis,35.0,P412783,19 x 52 in / 50 x 132 cm,1883834,13701,4.4497,149,https://www.sephora.com/product/lisse-luxe-long-hair-towel-P412783?icid2=products
Hair/Hair Tools/Hair Accessories,Waffle Luxe Hair Turban,Aquis,40.0,P410734,Blush,2200426,14582,4.3643,140,https://www.sephora.com/product/waffle-luxe-hair-turban-P410734?icid2=products
Hair/Hair Tools/Hair Accessories,03 Prime Rapid-Dry Hair Turban,Aquis,30.0,P437295,na,2146181,3816,4.5185,27,https://www.sephora.com/product/03-prime-rapid-dry-hair-turban-P437295?icid2=products
Hair/Hair Tools/Hair Accessories,Waffle Luxe Long Hair Towel,Aquis,45.0,P412784,19 x 52 in / 50 x 132 cm,1883875,6290,4.48,75,https://www.sephora.com/product/waffle-luxe-long-hair-towel-P412784?icid2=products
Hair/Value & Gift Sets,Prime Starter Kit,Aquis,49.0,P437297,na,2287399,2177,4.1713,537,https://www.sephora.com/product/prime-starter-kit-P437297?icid2=products
Hair/Hair Styling & Treatments/Scalp & Hair Treatments,01 Prime Water Defense PreWash,Aquis,29.0,P437294,12 oz/ 354 mL,2146173,2239,4.4767,386,https://www.sephora.com/product/01-prime-water-defense-pre-wash-P437294?icid2=products
Hair/Hair Styling & Treatments/Scalp & Hair Treatments,Restorative Leave-In Conditioner,Aquis,26.0,P437296,8 oz/ 236 mL,2146199,1279,4.3571,14,https://www.sephora.com/product/04-prime-restorative-leave-in-mist-P437296?icid2=products
Hair/Shampoo & Conditioner/Shampoo,02 Prime Rebalancing Hair Wash,Aquis,26.0,P437298,8 oz/ 236 mL,2160372,975,4.0833,12,https://www.sephora.com/product/02-prime-rebalance-hair-wash-P437298?icid2=products
Makeup/Lip/Liquid Lipstick,Lip Maestro Liquid Lipstick,Armani Beauty,38.0,P393411,0.22 oz/ 6.6 mL,2283158,166503,4.3333,1125,https://www.sephora.com/product/lip-maestro-liquid-lipstick-P393411?icid2=products
Makeup/Face/Foundation,Luminous Silk Foundation,Armani Beauty,64.0,P393401,1 oz/ 30 mL,2079168,321612,4.2831,3063,https://www.sephora.com/product/luminous-silk-foundation-P393401?icid2=products
Makeup/Face/Foundation,Power Fabric Longwear High Cover Foundation SPF 25,Armani Beauty,64.0,P416785,1 oz/ 30 mL,2184547,62290,4.0877,741,https://www.sephora.com/product/power-fabric-longwear-high-cover-foundation-spf-25-P416785?icid2=products
Fragrance/Men/Cologne,Acqua Di Gio Pour Homme,Armani Beauty,70.0,P12430,1.7 oz/ 50 mL,397281,16554,4.8155,683,https://www.sephora.com/product/acqua-di-gio-pour-homme-P12430?icid2=products
Mini Size/Makeup,Luminous Silk Foundation Mini,Armani Beauty,42.0,P425938,0.6 oz,1803154,3337,4.2308,130,https://www.sephora.com/product/luminous-silk-foundation-mini-P425938?icid2=products
Fragrance/Women/Perfume,Acqua di Gioia,Armani Beauty,26.0,P271538,1.7 oz/ 50 mL,1284249,29105,4.6692,916,https://www.sephora.com/product/acqua-di-gioia-P271538?icid2=products
Fragrance/Women/Perfume,Sì Eau de Parfum,Armani Beauty,28.0,P388029,1.7 oz/ 50 mL,1571405,23051,4.6379,359,https://www.sephora.com/product/si-eau-de-parfum-P388029?icid2=products
Fragrance/Women/Perfume,Sì Passione Eau de Parfum,Armani Beauty,72.0,P430871,1.7 oz/ 50 mL,2037935,8738,4.1837,98,https://www.sephora.com/product/si-passione-eau-de-parfum-P430871?icid2=products
Fragrance/Men/Cologne,Acqua di Gio Absolu,Armani Beauty,75.0,P430348,1.35 oz/ 40 mL,2054252,1698,4.5938,32,https://www.sephora.com/product/acqua-di-gio-absolu-P430348?icid2=products
Fragrance/Women/Perfume,Armani Code Pour Femme,Armani Beauty,48.0,P144212,1.7 oz/ 50 mL,912352,13291,4.6205,606,https://www.sephora.com/product/armani-code-pour-femme-P144212?icid2=products
Fragrance/Men/Cologne,Acqua Di Gio Profumo,Armani Beauty,75.0,P398665,2.5 oz / 75 mL,1709922,2824,4.7308,26,https://www.sephora.com/product/acqua-di-gio-profumo-P398665?skuId=1736271&icid2=products
Fragrance/Value & Gift Sets/Perfume Gift Sets,Si Passione Gift Set,Armani Beauty,128.0,P451978,na,2250686,599,4.3333,3,https://www.sephora.com/product/si-passione-gift-set-P451978?icid2=products
Men/Shaving/Shaving,Shaving Cream - Lavender,The Art of Shaving,25.0,P256831,5 oz,1240100,1034,4.7407,54,https://www.sephora.com/product/shaving-cream-lavender-P256831?icid2=products
Men/Shaving/Aftershave,After-Shave Balm - Sandalwood,The Art of Shaving,40.0,P225337,3.4 oz,1140813,720,4.4848,33,https://www.sephora.com/product/after-shave-balm-sandalwood-P225337?icid2=products
Men/Shaving/Aftershave,After-Shave Balm - Unscented,The Art of Shaving,40.0,P225338,3.4 oz,1140805,711,4.6842,19,https://www.sephora.com/product/after-shave-balm-unscented-P225338?icid2=products
Men/Shaving/Shaving,Pre-Shave Oil - Sandalwood,The Art of Shaving,25.0,P225339,2 oz,1140797,743,4.6667,30,https://www.sephora.com/product/pre-shave-oil-sandalwood-P225339?icid2=products
Men/Shaving/Shaving,Pre-Shave Oil - Unscented,The Art of Shaving,25.0,P225340,2 oz,1140771,1138,4.7937,63,https://www.sephora.com/product/pre-shave-oil-unscented-P225340?icid2=products
Men/Shaving/Aftershave,After-Shave Balm - Lavender,The Art of Shaving,40.0,P256833,3.4 oz,1240118,410,4.6667,12,https://www.sephora.com/product/after-shave-balm-lavender-P256833?icid2=products
Men/Shaving/Shaving,Pre-Shave Oil - Lavender,The Art of Shaving,25.0,P256829,2 oz,1240092,567,4.7097,31,https://www.sephora.com/product/pre-shave-oil-lavender-P256829?icid2=products
Men/Value & Gift Sets/Skincare Sets,The 4 Elements of the Perfect Shave™ - Sandalwood,The Art of Shaving,95.0,P225361,na,1141183,1990,4.8421,38,https://www.sephora.com/product/the-4-elements-of-the-perfect-shave-sandalwood-P225361?icid2=products
Men/Shaving/Shaving,Shaving Cream - Unscented,The Art of Shaving,25.0,P225342,5 oz,1140821,1950,4.7206,136,https://www.sephora.com/product/shaving-cream-unscented-P225342?icid2=products
Men/Shaving/Shaving,Beard Wash - Peppermint Essential Oil,The Art of Shaving,15.0,P413449,4 oz/ 120 mL,1887355,562,5,4,https://www.sephora.com/product/beard-wash-peppermint-essential-oil-P413449?icid2=products
Men/Shaving/Shaving,Beard Conditioner - Peppermint Essential Oil,The Art of Shaving,15.0,P413448,4 oz/ 120 mL,1887363,535,5,1,https://www.sephora.com/product/beard-conditioner-peppermint-essential-oil-P413448?icid2=products
Men/Shaving/Shaving,Lexington Collection™ Shaving Stand,The Art of Shaving,100.0,P387950,na,1641158,255,5,1,https://www.sephora.com/product/lexington-collection-shaving-stand-P387950?icid2=products
Makeup/Brushes & Applicators/Brush Sets,Rose Gold 3-Piece Set,Artis,135.0,P452717,na,2278265,1211,4.5,6,https://www.sephora.com/product/artis-rose-gold-3-piece-set-P452717?icid2=products
Makeup/Brushes & Applicators/Face Brushes,Elite Mirror Oval 7 Brush,Artis,65.0,P430110,na,2066629,8889,4.0795,88,https://www.sephora.com/product/elite-mirror-oval-7-brush-P430110?icid2=products
Makeup/Brushes & Applicators/Face Brushes,Elite Mirror Palm Brush Mini,Artis,55.0,P430806,na,2077790,2830,4.3889,36,https://www.sephora.com/product/elite-mirror-palm-brush-mini-P430806?icid2=products
Makeup/Brushes & Applicators/Brush Sets,Elite Collection Black Set,Artis,175.0,P449557,na,2278174,1133,3.75,4,https://www.sephora.com/product/elite-collection-black-set-P449557?icid2=products
Makeup/Brushes & Applicators/Brush Sets,Elite Mirror Ten Brush Set,Artis,240.0,P430122,na,2077550,5656,4.0833,12,https://www.sephora.com/product/elite-mirror-ten-brush-set-P430122?icid2=products
Makeup/Brushes & Applicators/Eye Brushes,Elite Mirror Oval 6 Brush,Artis,60.0,P430112,na,2066611,4492,3.617,47,https://www.sephora.com/product/elite-mirror-oval-6-brush-P430112?icid2=products
Makeup/Brushes & Applicators/Face Brushes,Elite Mirror Palm Brush,Artis,65.0,P430805,na,2077782,4615,4.4828,29,https://www.sephora.com/product/elite-mirror-palm-brush-P430805?icid2=products
Makeup/Brushes & Applicators/Brush Sets,Elite Mirror 3 Piece Brush Set,Artis,110.0,P439918,na,2184265,772,3.25,8,https://www.sephora.com/product/elite-mirror-3-piece-brush-set-P439918?icid2=products
Makeup/Brushes & Applicators/Brush Sets,Elite Mirror Five Brush Set,Artis,170.0,P430121,na,2077568,4754,4.375,16,https://www.sephora.com/product/elite-mirror-five-brush-set-P430121?icid2=products
Makeup/Brushes & Applicators/Face Brushes,Elite Mirror Oval 8 Brush,Artis,70.0,P430115,na,2066637,3232,4.1875,32,https://www.sephora.com/product/elite-mirror-oval-8-brush-P430115?icid2=products
Makeup/Brushes & Applicators/Brush Cleaners,Premier Brush Cleansing Pad,Artis,55.0,P430119,"10.25"" x 1.5"" x 6""",2066694,2931,3.9286,14,https://www.sephora.com/product/premier-brush-cleansing-pad-P430119?icid2=products
Makeup/Brushes & Applicators/Brush Cleaners,Aerosol Brush Cleansing Foam,Artis,25.0,P439201,6 oz/ 170 g,2066686,1133,3.1429,7,https://www.sephora.com/product/aerosol-brush-cleansing-foam-P439201?icid2=products
Makeup/Value & Gift Sets,Uncensored Bronze Lip & Eye Set,Artist Couture,23.0,P451641,na,2287589,2661,5,5,https://www.sephora.com/product/uncensored-bronze-lip-eye-set-P451641?icid2=products
Makeup/Face/Highlighter,Diamond Glow Powder,Artist Couture,27.0,P429271,0.16 oz/ 4.5 g,2059608,47452,4.6074,270,https://www.sephora.com/product/diamond-glow-powder-P429271?icid2=products
Makeup/Lip/Lip Gloss,Diamond Lip Tease Lip Gloss,Artist Couture,9.0,P442597,.20 oz / 5.9 ml,2195956,6868,3.1569,51,https://www.sephora.com/product/diamond-glow-lip-tease-P442597?icid2=products
Makeup/Eye/Eyeshadow,Diamond Lights Finisher,Artist Couture,25.0,P437707,0.12 oz/ 3.5 g,2234565,15969,4.5937,64,https://www.sephora.com/product/diamond-lights-finisher-P437707?icid2=products
Makeup/Eye/Eye Palettes,Midnight Maven Eyeshadow Palette,Artist Couture,29.0,P448851,8 x 0.04 oz/ 1 g,2287175,2895,4.9048,21,https://www.sephora.com/product/midnight-maven-eyeshadow-palette-P448851?icid2=products
Makeup/Lip/Lip Gloss,Plush Pout Lip Gloss,Artist Couture,18.0,P451642,.22 oz/ 6.4 mL,2281533,3516,4.8667,15,https://www.sephora.com/product/plush-pout-lip-gloss-P451642?skuId=2281541&icid2=products
Makeup/Face/Highlighter,Diamond Luxe Luminizer Pressed Highlighter,Artist Couture,27.0,P436740,0.35 oz/ 10 g,2112241,10891,3.8205,39,https://www.sephora.com/product/diamond-luxe-luminizer-pressed-highlighter-P436740?icid2=products
Fragrance/Value & Gift Sets/Perfume Gift Sets,Clementine California Maison de Parfum,Atelier Cologne,78.0,P450811,na,2249266,2204,4,2,https://www.sephora.com/product/la-maison-de-parfum-set-P450811?icid2=products
Fragrance/Women/Perfume,Clémentine California Cologne Absolue Pure Perfume,Atelier Cologne,78.0,P410197,3.3 oz/ 100 mL,1836600,17276,4.3369,374,https://www.sephora.com/product/clementine-california-P410197?icid2=products
Fragrance/Women/Perfume,Vanille Insensée Cologne Absolue Pure Perfume ,Atelier Cologne,78.0,P375819,3.3 oz/ 100 mL,1499177,16273,4.2153,404,https://www.sephora.com/product/vanille-insensee-cologne-absolue-P375819?icid2=products
Fragrance/Women/Perfume,Orange Sanguine Cologne Absolue Pure Perfume ,Atelier Cologne,78.0,P375817,3.3 oz/ 100 mL,1499128,18308,4.123,496,https://www.sephora.com/product/orange-sanguine-cologne-absolue-P375817?icid2=products
Fragrance/Value & Gift Sets/Perfume Gift Sets,Perfume Wardrobe,Atelier Cologne,50.0,P450805,7 x Cologne Absolue 0.14 oz/ 4 mL,2249217,4170,3.7,10,https://www.sephora.com/product/perfume-wardrobe-P450805?icid2=products
Fragrance/Women/Perfume,Pacific Lime Cologne Absolue Pure Perfume,Atelier Cologne,28.0,P439030,3.4oz/100mL,2100170,3927,3.9062,96,https://www.sephora.com/product/pacific-lime-cologne-absolue-pure-perfume-P439030?icid2=products
Fragrance/Women/Rollerballs & Travel Size,Clémentine California Cologne Pure Perfume Travel Spray,Atelier Cologne,28.0,P425237,0.34 oz/ 10 mL,1964808,10271,4.6209,153,https://www.sephora.com/product/clementine-california-colognee-pure-perfume-travel-spray-P425237?icid2=products
Fragrance/Women/Perfume,Collection Azur - Cèdre Atlas ,Atelier Cologne,135.0,P394141,3.3 oz/ 100 mL,1684521,4055,4.3556,90,https://www.sephora.com/product/cedre-atlas-P394141?icid2=products
Mini Size/Fragrance,Vanille Insensée Cologne Absolue Per PerfumeTravel Spray,Atelier Cologne,28.0,P422533,0.34 oz/ 10 mL,1976695,9021,4.6386,83,https://www.sephora.com/product/vanille-insensee-cologne-absolue-per-perfumetravel-spray-P422533?icid2=products
Fragrance/Value & Gift Sets/Perfume Gift Sets,Vanille Insensée Dressed Up Set,Atelier Cologne,135.0,P451666,na,2249282,619,5,2,https://www.sephora.com/product/vanille-insensee-dressed-up-set-P451666?icid2=products
Fragrance/Value & Gift Sets/Perfume Gift Sets,Clémentine California Dressed Up Set,Atelier Cologne,135.0,P451667,na,2249274,420,4,1,https://www.sephora.com/product/clementine-california-dressed-up-set-P451667?icid2=products
Fragrance/Women/Perfume,Pomélo Paradis Cologne Absolue Pure Perfume ,Atelier Cologne,135.0,P392805,3.3 oz/ 100 mL,1684976,5131,4.1852,81,https://www.sephora.com/product/polemo-paradise-P392805?icid2=products
Fragrance/Women/Perfume,Florabotanica,BALENCIAGA,73.0,P377672,1.7 oz/ 50 mL,1480243,10274,4.5239,355,https://www.sephora.com/product/florabotanica-P377672?icid2=products
Fragrance/Women/Perfume,Balenciaga Paris,BALENCIAGA,87.0,P305801,1 oz,1410000,6723,4.3706,143,https://www.sephora.com/product/balenciaga-paris-P305801?icid2=products
Makeup/Face/Foundation,Original Loose Powder Mineral Foundation Broad Spectrum SPF 15,bareMinerals,31.0,P61003,0.28 oz,1922541,187067,4.6096,19464,https://www.sephora.com/product/bareminerals-original-foundation-broad-spectrum-spf-15-P61003?icid2=products
Makeup/Face/BB & CC Cream,COMPLEXION RESCUE™ Tinted Moisturizer Broad Spectrum SPF 30,bareMinerals,32.0,P393356, - for light neutral skin with peach undertones,2176972,136320,3.9784,3235,https://www.sephora.com/product/complexion-rescue-tinted-hydrating-gel-cream-P393356?icid2=products
Makeup/Face/Foundation,BAREPRO Performance Wear Powder Foundation,bareMinerals,31.0,P410543, - for tan-dark cool skin with rosy undertones,2241883,42025,4.085,753,https://www.sephora.com/product/barepro-performance-wear-powder-foundation-P410543?icid2=products
Makeup/Face/Foundation,Matte Loose Powder Mineral Foundation Broad Spectrum SPF 15,bareMinerals,31.0,P240604,0.2 oz/ 6 g,1922731,74343,4.3824,7791,https://www.sephora.com/product/bareminerals-matte-foundation-broad-spectrum-spf-15-P240604?icid2=products
Makeup/Face/Setting Spray & Powder,Mineral Veil Setting Powder ,bareMinerals,24.0,P61004,0.3 oz/ 8.5 g,1073014,89128,4.5478,5821,https://www.sephora.com/product/mineral-veil-P61004?icid2=products
Makeup/Face/Foundation,BarePRO™ Performance Wear Liquid Foundation Broad Spectrum SPF 20,bareMinerals,34.0,P421001, - for medium-tan cool skin with rosy undertones,2241719,48422,4.2683,2221,https://www.sephora.com/product/barepro-performance-wear-liquid-foundation-broad-spectrum-spf-20-P421001?icid2=products
Makeup/Face/Setting Spray & Powder,Mineral Veil Deluxe Collector's Edition,bareMinerals,28.5,P450067,0.84 oz/ 24 g,2279636,792,3.7,10,https://www.sephora.com/product/mineral-veil-deluxe-collector-s-edition-P450067?icid2=products
Makeup/Face/Concealer,BAREPRO® 16-Hr Full Coverage Concealer,bareMinerals,24.0,P428606,0.09 oz/ 2.5 g,2040871,18749,4.3509,2072,https://www.sephora.com/product/barepro-16-hr-full-coverage-concealer-P428606?icid2=products
Makeup/Face/Concealer, BARESKIN® Complete Coverage Serum Concealer,bareMinerals,22.0,P399811,0.20 oz,1727338,36441,4.142,866,https://www.sephora.com/product/bareskin-reg-complete-coverage-serum-concealer-P399811?icid2=products
Makeup/Face/Setting Spray & Powder,All-Over Face Color,bareMinerals,22.0,P61005,0.05 oz/ 1.5 g,1164771,52506,4.588,3367,https://www.sephora.com/product/bareminerals-all-over-face-color-P61005?icid2=products
Makeup/Face/Face Sets,Nothing Beats the Original™ Complexion Kit,bareMinerals,34.0,P421000, - For medium skin with neutral undertones (with translucent Mineral Veil),1958859,14100,3.8947,38,https://www.sephora.com/product/bareminerals-nothing-beats-original-4-piece-get-started-kit-P421000?icid2=products
Makeup/Face/Foundation,COMPLEXION RESCUE Hydrating Foundation Stick Broad Spectrum SPF 25,bareMinerals,32.0,P441829,0.35 oz/ 10 g,2176774,19068,4.3209,1742,https://www.sephora.com/product/complexion-rescue-hydrating-foundation-stick-broad-spectrum-spf-25-P441829?icid2=products
Hair/Hair Tools/Curling Irons,"Pro 1.25"" Rotating Curling Iron",Beachwaver,199.0,P451923,na,2311744,2496,3.9286,14,https://www.sephora.com/product/pro-1-25-P451923?icid2=products
Skincare/Wellness/Beauty Supplements,COLLAGEN Inner Beauty Boost,The Beauty Chef,25.0,P420961,16.9 oz/ 500 mL,1971845,11086,4.4128,109,https://www.sephora.com/product/collagen-inner-beauty-boost-P420961?icid2=products
Skincare/Wellness/Beauty Supplements,GLOW ADVANCED Inner Beauty Powder,The Beauty Chef,18.0,P420964,5.3 oz/ 150 g,1971811,7590,4.4872,78,https://www.sephora.com/product/glow-advanced-inner-beauty-powder-P420964?icid2=products
